{
  "note_quarter": { "x": 0, "y": 0, "width": 128, "height": 128 },
  "note_eighth": { "x": 128, "y": 0, "width": 128, "height": 128 },
  "note_whole": { "x": 256, "y": 0, "width": 128, "height": 128 },
  "note_half": { "x": 384, "y": 0, "width": 128, "height": 128 },
  "star": { "x": 512, "y": 0, "width": 128, "height": 128 },
  "circle_soft": { "x": 640, "y": 0, "width": 128, "height": 128 },
  "circle_hard": { "x": 768, "y": 0, "width": 128, "height": 128 },
  "glow": { "x": 896, "y": 0, "width": 128, "height": 128 },
  
  "emoji_fire": { "x": 0, "y": 128, "width": 128, "height": 128 },
  "emoji_heart": { "x": 128, "y": 128, "width": 128, "height": 128 },
  "emoji_star": { "x": 256, "y": 128, "width": 128, "height": 128 },
  "emoji_sparkle": { "x": 384, "y": 128, "width": 128, "height": 128 },
  "emoji_music": { "x": 512, "y": 128, "width": 128, "height": 128 },
  
  "instrument_guitar": { "x": 0, "y": 256, "width": 128, "height": 128 },
  "instrument_piano": { "x": 128, "y": 256, "width": 128, "height": 128 },
  "instrument_drums": { "x": 256, "y": 256, "width": 128, "height": 128 },
  "instrument_mic": { "x": 384, "y": 256, "width": 128, "height": 128 }
}
